Cohort,variable,smd_unadjusted,smd_adjusted,var_ratio_unadj,var_ratio_adj
All of Us,distance,0.2949913430973939,0.0028458955705553,1.3382681261636362,1.0170958037107671
All of Us,enrollment_days,0.1227263130524725,0.079869611605135,0.9405818842705403,0.9916413074125716
All of Us,n_diagnoses,0.1278294221879007,-0.081610930678883,0.6110975201851989,0.458565298489511
All of Us,ehr_length_days,-0.1469549928341998,-0.0750778407795454,1.0006212142949436,1.057452811277816
