variable,smd_unadjusted,smd_adjusted,var_ratio_unadj,var_ratio_adj
distance,0.3227984568944305,0.0014663051271150565,1.8986831742720878,1.0124844491873979
enrollment_days,0.002396948062872305,0.08380562156866599,1.0067095975382732,0.9891304121512046
n_diagnoses,0.3009352933143953,0.0030007041287224445,1.4945221357321097,0.8962528857455843
ehr_length_days,-0.0251892615259701,-0.06958587478711431,1.0660563983417854,1.0599149553890579
