model,black_aor,black_lower,black_upper,black_p,attenuation_pct
base,0.8091706467251722,0.33658853887903334,1.9452746005619246,0.6361138168069407,0
joint_sdoh,0.5473075305156972,0.1834946757673769,1.6324480898777463,0.2796916954487736,-184.65519565853532
