model,exp_coef,lower95,upper95,p
S1_delta_0.3,1.9416188340488465,0.75188358403565,5.013919410899727,0.17043497783661662
S2_KDIGO2,2.1751542545287235,0.21061035979392892,22.464688041099826,0.5141889433918034
S4_365day,0.9597830902000468,0.33476138593682625,2.7517617590691605,0.9391150431059069
S5_mono_ICI,1.745105586923937,0.6222013450111674,4.894546651065949,0.2899603691324455
