variable,smd_unadjusted,smd_adjusted,var_ratio_unadj,var_ratio_adj
distance,0.29660993962103976,0.0012197449726661378,1.1805209276078923,1.008310776693852
enrollment_days,-0.0040582776448398255,-0.016843502197643773,1.054426613921291,0.9619255627260902
n_diagnoses,0.18332279831370815,0.015585426491719588,1.1550650126913553,0.9021896078616902
ehr_length_days,-0.13509863694846433,0.018588156537647213,1.021241151784755,1.0063290307722004
