model,exp_coef,lower95,upper95,p
S1_delta_0.3,1.2242904914172845,0.8185603255664704,1.8311261376337746,0.32451414570443576
S2_KDIGO2,1.0884891073492045,0.544827817451772,2.174647657234841,0.8102313962314813
S3_KDIGO3,3.7560604795160226,1.2136024089534956,11.624886554030187,0.021686530277180493
S4_365day,1.4159871037705911,0.9614936922476143,2.085317349672506,0.07821420309015188
S5_mono_ICI,1.4640673811392302,0.8746999528020976,2.450546944296969,0.1469016647125964
